density,seed,input_contact_steps,input_write_steps,input_no_write_steps,input_saturated_no_write_steps,distinct_hit_patterns,pattern_entropy_bits,contact_byte_count,bc_hitset_distinct,bh_hitset_distinct,bc_write,bh_write,bh_traceable,bh_changed_fields,teacher_b_hits,teacher_c_hits,teacher_h_hits,no_teacher_control_match,replay_match,raw_instrumented_match
4,0,0,0,0,0,1,-0,0,0,0,0,0,0,,,,,1,1,1
4,1,0,0,0,0,1,-0,0,0,0,0,0,0,,,,,1,1,1
4,2,0,0,0,0,1,-0,0,0,0,0,0,0,,,,,1,1,1
4,3,0,0,0,0,1,-0,0,0,0,0,0,0,,,,,1,1,1
4,4,0,0,0,0,1,-0,0,0,0,0,0,0,,,,,1,1,1
4,5,0,0,0,0,1,-0,0,0,0,0,0,0,,,,,1,1,1
4,6,4,3,1,1,1,-0,0,0,0,0,0,0,,,,,1,1,1
4,7,0,0,0,0,1,-0,0,0,0,0,0,0,,,,,1,1,1
4,8,0,0,0,0,1,-0,0,0,0,0,0,0,,,,,1,1,1
4,9,0,0,0,0,2,0.5435644432,224,0,1,0,1,1,hp:1,3,3,,1,1,1
4,10,1,0,1,1,1,-0,0,0,0,0,0,0,,,,,1,1,1
4,11,0,0,0,0,1,-0,0,0,0,0,0,0,,,,,1,1,1
4,12,0,0,0,0,1,-0,0,0,0,0,0,0,,,,,1,1,1
4,13,0,0,0,0,1,-0,0,0,0,0,0,0,,,,,1,1,1
4,14,0,0,0,0,1,-0,0,0,0,0,0,0,,,,,1,1,1
4,15,0,0,0,0,1,-0,0,0,0,0,0,0,,,,,1,1,1
4,16,4,1,3,1,1,-0,0,0,0,0,0,0,,,,,1,1,1
4,17,0,0,0,0,1,-0,0,0,0,0,0,0,,,,,1,1,1
4,18,0,0,0,0,1,-0,0,0,0,0,0,0,,,,,1,1,1
4,19,0,0,0,0,1,-0,0,0,0,0,0,0,,,,,1,1,1
4,20,4,3,1,1,1,-0,0,0,0,0,0,0,,,,,1,1,1
4,21,0,0,0,0,1,-0,0,0,0,0,0,0,,,,,1,1,1
4,22,0,0,0,0,1,-0,0,0,0,0,0,0,,,,,1,1,1
4,23,0,0,0,0,1,-0,256,0,0,0,0,0,,2,2,2,1,1,1
4,24,0,0,0,0,1,-0,0,0,0,0,0,0,,,,,1,1,1
4,25,0,0,0,0,1,-0,0,0,0,0,0,0,,,,,1,1,1
4,26,0,0,0,0,1,-0,0,0,0,0,0,0,,,,,1,1,1
4,27,0,0,0,0,1,-0,0,0,0,0,0,0,,,,,1,1,1
4,28,0,0,0,0,1,-0,0,0,0,0,0,0,,,,,1,1,1
4,29,0,0,0,0,1,-0,0,0,0,0,0,0,,,,,1,1,1
4,30,0,0,0,0,1,-0,0,0,0,0,0,0,,,,,1,1,1
4,31,0,0,0,0,1,-0,256,0,0,0,0,0,,3,3,3,1,1,1
32,0,0,0,0,0,2,0.5435644432,224,0,1,0,1,1,hp:1,,,19,1,1,1
32,1,4,3,1,1,1,-0,256,0,0,0,0,0,,12;17,12;17,12;17,1,1,1
32,2,4,3,1,1,1,-0,256,0,0,0,0,0,,14,14,14,1,1,1
32,3,2,2,0,0,2,0.5435644432,256,0,0,0,0,0,,7;28,7;28,7;28,1,1,1
32,4,0,0,0,0,1,-0,0,0,0,0,0,0,,,,,1,1,1
32,5,4,3,1,1,2,0.5435644432,224,0,1,0,1,1,hp:1,20,20,,1,1,1
32,6,4,3,1,1,1,-0,0,0,0,0,0,0,,,,,1,1,1
32,7,4,3,1,1,1,-0,0,0,0,0,0,0,,,,,1,1,1
32,8,0,0,0,0,2,0.5435644432,256,0,1,0,1,1,hp:1,10;12,10;12,10;12;30,1,1,1
32,9,0,0,0,0,4,1.0871288864,256,0,1,0,1,1,hp:2,3;22;24,3;22;24,24,1,1,1
32,10,1,0,1,1,1,-0,0,0,0,0,0,0,,,,,1,1,1
32,11,3,3,0,0,1,-0,0,0,0,0,0,0,,,,,1,1,1
32,12,0,0,0,0,2,0.5435644432,256,0,1,0,1,1,hp:1,29,29,16;29,1,1,1
32,13,2,1,1,1,1,-0,0,0,0,0,0,0,,,,,1,1,1
32,14,4,3,1,1,2,0.5435644432,224,0,1,0,1,1,hp:1,20,20,,1,1,1
32,15,4,3,1,1,1,-0,0,0,0,0,0,0,,,,,1,1,1
32,16,4,1,3,1,1,-0,0,0,0,0,0,0,,,,,1,1,1
32,17,4,3,1,1,1,-0,0,0,0,0,0,0,,,,,1,1,1
32,18,0,0,0,0,2,0.5435644432,256,0,1,0,1,1,hp:1,10;22,10;22,22,1,1,1
32,19,4,3,1,1,2,0.5435644432,224,0,1,0,1,1,hp:1,,,24,1,1,1
32,20,4,3,1,1,4,1.35484256766,256,0,1,0,1,1,hp:2,5;10;20,5;10;20,20,1,1,1
32,21,4,3,1,1,1,-0,0,0,0,0,0,0,,,,,1,1,1
32,22,0,0,0,0,4,0.99339272901,240,0,1,0,1,1,hp:2,23,23,7,1,1,1
32,23,4,3,1,1,2,1,256,1,0,1,0,0,,2,2;26,2,1,1,1
32,24,0,0,0,0,9,2.2450167456,248,1,1,1,1,1,hp:2,9;28,9;24;28,9;21,1,1,1
32,25,4,3,1,1,1,-0,256,0,0,0,0,0,,9,9,9,1,1,1
32,26,4,3,1,1,1,-0,0,0,0,0,0,0,,,,,1,1,1
32,27,4,3,1,1,1,-0,0,0,0,0,0,0,,,,,1,1,1
32,28,4,3,1,1,1,-0,0,0,0,0,0,0,,,,,1,1,1
32,29,0,0,0,0,2,0.811278124459,192,0,1,0,1,1,hp:2,5;10,5;10,,1,1,1
32,30,4,3,1,1,1,-0,0,0,0,0,0,0,,,,,1,1,1
32,31,4,3,1,1,1,-0,256,0,0,0,0,0,,3;30,3;30,3;30,1,1,1
